task,N,S,official,skipped,failures,E_fail,E_succ,R1,R0,audited,bound,open,runs
adjust_bottle,20,20,100.0,11,0,0,0,-,-,100.0,100.0,-,4090-node3:/home/zhoujingjing/simuguard/runs/crosstask7_all36/adjust_bottle
beat_block_hammer,20,19,95.0,11,1,0,0,-,-,95.0,95.0,-,4090-node3:/home/zhoujingjing/simuguard/runs/crosstask7_all36/beat_block_hammer
blocks_ranking_rgb,20,19,95.0,0,1,0,0,-,-,95.0,95.0,-,4090-node3:/home/zhoujingjing/simuguard/runs/crosstask7_all36/blocks_ranking_rgb
blocks_ranking_size,20,17,85.0,2,3,0,0,-,-,85.0,85.0,-,4090-node2:/mnt/nvme0/twinguar/simuguard/runs/crosstask7_all36/blocks_ranking_size
click_alarmclock,20,20,100.0,4,0,0,0,-,-,100.0,100.0,-,4090-node2:/mnt/nvme0/twinguar/simuguard/runs/crosstask7_all36/click_alarmclock
click_bell,20,20,100.0,0,0,0,0,-,-,100.0,100.0,-,4090-node3:/home/zhoujingjing/simuguard/runs/crosstask7_all36/click_bell
dump_bin_bigbin,20,20,100.0,28,0,0,0,-,-,100.0,100.0,-,4090-node2:/mnt/nvme0/twinguar/simuguard/runs/crosstask6_remote20/dump_bin_bigbin
grab_roller,20,20,100.0,1,0,0,0,-,-,100.0,100.0,-,4090-node2:/mnt/nvme0/twinguar/simuguard/runs/crosstask7_all36/grab_roller
handover_block,20,20,100.0,6,0,0,0,-,-,100.0,100.0,-,4090-node2:/mnt/nvme0/twinguar/simuguard/runs/crosstask7_all36/handover_block
handover_mic,20,19,95.0,3,1,0,0,-,-,95.0,95.0,-,4090-node2:/mnt/nvme0/twinguar/simuguard/runs/crosstask7_all36/handover_mic
hanging_mug,20,3,15.0,2,17,1,0,-,-,-,20.0,-,4090-node2:/mnt/nvme0/twinguar/simuguard/runs/crosstask6_remote20/hanging_mug
lift_pot,20,20,100.0,28,0,0,0,-,-,100.0,100.0,-,4090-node2:/mnt/nvme0/twinguar/simuguard/runs/crosstask6_remote20/lift_pot
move_can_pot,20,18,90.0,3,2,0,0,-,-,90.0,90.0,-,4090-node2:/mnt/nvme0/twinguar/simuguard/runs/crosstask6_remote20/move_can_pot
move_pillbottle_pad,20,20,100.0,11,0,0,0,-,-,100.0,100.0,-,4090-node2:/mnt/nvme0/twinguar/simuguard/runs/crosstask7_all36/move_pillbottle_pad
move_playingcard_away,20,20,100.0,0,0,0,0,-,-,100.0,100.0,-,4090-node3:/home/zhoujingjing/simuguard/runs/crosstask7_all36/move_playingcard_away
move_stapler_pad,20,14,70.0,0,6,1,0,-,-,-,75.0,0,4090-node3:/home/zhoujingjing/simuguard/runs/crosstask7_all36/move_stapler_pad
open_laptop,20,20,100.0,0,0,0,0,-,-,100.0,100.0,-,4090-node3:/home/zhoujingjing/simuguard/runs/crosstask7_all36/open_laptop
open_microwave,20,15,75.0,15,5,0,0,-,-,75.0,75.0,-,4090-node3:/home/zhoujingjing/simuguard/runs/crosstask7_all36/open_microwave
pick_diverse_bottles,20,18,90.0,39,2,0,0,-,-,90.0,90.0,-,4090-node2:/mnt/nvme0/twinguar/simuguard/runs/crosstask7_all36/pick_diverse_bottles
pick_dual_bottles,20,20,100.0,1,0,0,0,-,-,100.0,100.0,-,4090-node2:/mnt/nvme0/twinguar/simuguard/runs/crosstask7_all36/pick_dual_bottles
place_a2b_left,20,20,100.0,5,0,0,0,-,-,100.0,100.0,-,4090-node2:/mnt/nvme0/twinguar/simuguard/runs/crosstask7_all36/place_a2b_left
place_a2b_right,20,20,100.0,6,0,0,0,-,-,100.0,100.0,-,4090-node2:/mnt/nvme0/twinguar/simuguard/runs/crosstask7_all36/place_a2b_right
place_bread_basket,20,19,95.0,4,1,1,0,-,-,-,100.0,-,4090-node2:/mnt/nvme0/twinguar/simuguard/runs/crosstask6_remote20/place_bread_basket
place_bread_skillet,20,19,95.0,23,1,0,0,-,-,95.0,95.0,-,4090-node2:/mnt/nvme0/twinguar/simuguard/runs/crosstask6_remote20/place_bread_skillet
place_burger_fries,20,20,100.0,0,0,0,2,-,-,100.0,100.0,-,4090-node2:/mnt/nvme0/twinguar/simuguard/runs/crosstask7_all36/place_burger_fries
place_can_basket,90,67,74.4,22,23,21,16,15,10,80.0,97.8,14,4090-node1:/mnt/nvme0/shared/zhoujingjing/simuguard/runs/campaign_20260918T220055Z/default/rep1;4090-node1:/mnt/nvme0/shared/zhoujingjing/simuguard/runs/campaign_20260918T220055Z/default/rep2;4090-node1:/mnt/nvme0/shared/zhoujingjing/simuguard/runs/campaign_20260918T220055Z/default/rep3
place_cans_plasticbox,10,10,100.0,0,0,0,0,-,-,100.0,100.0,-,4090-node2:/mnt/nvme0/twinguar/simuguard/runs/crosstask3_20260922T112052Z/place_cans_plasticbox
place_container_plate,20,20,100.0,4,0,0,0,-,-,100.0,100.0,-,4090-node2:/mnt/nvme0/twinguar/simuguard/runs/crosstask7_all36/place_container_plate
place_dual_shoes,20,20,100.0,12,0,0,1,-,-,100.0,100.0,-,4090-node2:/mnt/nvme0/twinguar/simuguard/runs/crosstask7_all36/place_dual_shoes
place_empty_cup,20,20,100.0,2,0,0,0,-,-,100.0,100.0,-,4090-node2:/mnt/nvme0/twinguar/simuguard/runs/crosstask7_all36/place_empty_cup
place_fan,20,17,85.0,4,3,1,0,-,-,-,90.0,0,4090-node2:/mnt/nvme0/twinguar/simuguard/runs/crosstask7_all36/place_fan
place_mouse_pad,20,20,100.0,0,0,0,0,-,-,100.0,100.0,-,4090-node2:/mnt/nvme0/twinguar/simuguard/runs/crosstask7_all36/place_mouse_pad
place_object_basket,20,18,90.0,8,2,1,1,-,-,-,95.0,-,4090-node2:/mnt/nvme0/twinguar/simuguard/runs/crosstask5_20ep/place_object_basket
place_object_scale,20,19,95.0,7,1,0,0,-,-,95.0,95.0,-,4090-node2:/mnt/nvme0/twinguar/simuguard/runs/crosstask7_all36/place_object_scale
place_object_stand,20,20,100.0,0,0,0,0,-,-,100.0,100.0,-,4090-node2:/mnt/nvme0/twinguar/simuguard/runs/crosstask7_all36/place_object_stand
place_phone_stand,20,19,95.0,10,1,0,0,-,-,95.0,95.0,-,4090-node2:/mnt/nvme0/twinguar/simuguard/runs/crosstask7_all36/place_phone_stand
place_shoe,20,20,100.0,3,0,0,0,-,-,100.0,100.0,-,4090-node2:/mnt/nvme0/twinguar/simuguard/runs/crosstask7_all36/place_shoe
press_stapler,20,18,90.0,2,2,0,0,-,-,90.0,90.0,-,4090-node3:/home/zhoujingjing/simuguard/runs/crosstask7_all36/press_stapler
put_bottles_dustbin,10,9,90.0,4,1,0,0,-,-,90.0,90.0,-,4090-node1:/mnt/nvme0/shared/zhoujingjing/simuguard/runs/crosstask_20260921T160736Z/put_bottles_dustbin
put_object_cabinet,10,7,70.0,73,3,0,0,-,-,70.0,70.0,-,4090-node2:/mnt/nvme0/twinguar/simuguard/runs/crosstask3_20260922T112052Z/put_object_cabinet
rotate_qrcode,20,19,95.0,2,1,0,0,-,-,95.0,95.0,-,4090-node3:/home/zhoujingjing/simuguard/runs/crosstask7_all36/rotate_qrcode
scan_object,20,20,100.0,44,0,0,0,-,-,100.0,100.0,-,4090-node3:/home/zhoujingjing/simuguard/runs/crosstask7_all36/scan_object
shake_bottle,20,20,100.0,16,0,0,0,-,-,100.0,100.0,-,4090-node3:/home/zhoujingjing/simuguard/runs/crosstask7_all36/shake_bottle
shake_bottle_horizontally,20,20,100.0,16,0,0,0,-,-,100.0,100.0,-,4090-node3:/home/zhoujingjing/simuguard/runs/crosstask7_all36/shake_bottle_horizontally
stack_blocks_three,20,19,95.0,2,1,0,0,-,-,95.0,95.0,-,4090-node2:/mnt/nvme0/twinguar/simuguard/runs/crosstask7_all36/stack_blocks_three
stack_blocks_two,10,10,100.0,0,0,0,0,-,-,100.0,100.0,-,4090-node1:/mnt/nvme0/shared/zhoujingjing/simuguard/runs/crosstask_20260921T160736Z/stack_blocks_two
stack_bowls_three,50,38,76.0,43,12,12,0,-,-,-,100.0,0,4090-node2:/mnt/nvme0/twinguar/simuguard/runs/crosstask4_50seeds/stack_bowls_three
stack_bowls_two,20,19,95.0,7,1,1,0,-,-,-,100.0,-,4090-node2:/mnt/nvme0/twinguar/simuguard/runs/crosstask6_remote20/stack_bowls_two
stamp_seal,20,19,95.0,9,1,1,0,-,-,-,100.0,1,4090-node3:/home/zhoujingjing/simuguard/runs/crosstask7_all36/stamp_seal
turn_switch,20,9,45.0,3,11,0,0,-,-,45.0,45.0,-,4090-node3:/home/zhoujingjing/simuguard/runs/crosstask7_all36/turn_switch
